id,comment
UgwHdSTZY8xE5aVlAqd4AaABAg,ì™€!
UgxRie6QRFcsgFezp3V4AaABAg,ã‚«ãƒƒã‚³ã‚ˆã™ã
UgyGdazwKnDxTSXc5nl4AaABAg,"Oh, my neurons activated."
UgzV9bHBXMLRIM952gZ4AaABAg,Ok......who woke up the Slumbering Chaos?
UgxETRgNBgjiLfsCT3p4AaABAg,this is making me feel some typa way man
UgyITg4O9RSuirHzEvt4AaABAg,æ€•ï¼Œä¸éé€™æ¨£çš„BadçœŸé…·ğŸ˜ğŸ˜
UgzuvFpawk36-tdCZYJ4AaABAg,My favorite Shimon song sung by Bae... How beautiful. ğŸ˜­ğŸ‘Œ
Ugz_yn24Os1QvOXjj4F4AaABAg,"Jesus Bae has an insane vocal range, this was just chef's kiss. What a banger cover"
UgwDuTpNvXsU-ILCthB4AaABAg,This was insane!
Ugy-n453v_AzrPv9jbh4AaABAg,ĞÑ„Ğ¸Ğ³ĞµĞ½Ğ½Ğ¾
UgzA9V1-eMPbV6bnPW54AaABAg,This is incredible. Caught the premier and literally had it on repeat whenever i get a chance since then. More deep voice Bae please!
UgzPrIsp2OKdSWTNX8d4AaABAg,"This is such a great cover, always fun to see Bae show off her range and what a cool song to do it in! "
UgzXAF9qjr4Y7K--12Z4AaABAg,Dayum!!
UgxklEBRbUAcnm73NoB4AaABAg,That laugh at the end... made my skin crawl
UgwwCVxY_C9_Su4lpGZ4AaABAg,ä¸å¥½æ„æ€ï¼Œæˆ‘å¿ƒä¸­éƒ½æ˜¯Hakoå¤ªéƒè·ŸèŒèŒè˜¿è‰
UgyYdLQrSZopS1lMk_94AaABAg,"Dang Bae, you killed it again!"
UgyNfh6LzuF_qHkjVjh4AaABAg,"If you change the playback speed to 1.5, feel like bae is raping and it's so cool!ğŸ”¥ğŸ”¥"
UgwXeLuIUsEo9BBzWc94AaABAg,"1:50
Pure chaos ğŸ‘ï¸ğŸ‘„ğŸ‘ï¸ 
imagine someone singing out this part loud in your house"
UgwhN8IhCRfJ_Yy_MbR4AaABAg,wtf is going on
UgxQzL6NYS_dmkDYLwR4AaABAg,"Who have a nightmare after listening this song?









æ´»è¯¥å•¦hahahahahahahahahaha(you don't need to know the meaning)"
UgwWu02kmZOmXeTQFEZ4AaABAg,WOW BAE'S DEEP VOICE IS SO.... Y'KNOW..... ğŸš¶â€â™€ï¸ğŸ§â€â™€ï¸ğŸª‘
UgxfU65j3CQwRSPo48B4AaABAg,å¥½ã
UgwE8XLFTBDru7TzTKN4AaABAg,æ€–ã„ã‘ã©ã‚«ãƒƒã‚³ã„ã„â€¼ï¸
Ugx1-9zjFkgw4evfIaF4AaABAg,UUUUUUUOOOOOOOOOOOOHHHHHHHHHHHHHHHHHHHHHHHHHHHHHH
Ugx1-9zjFkgw4evfIaF4AaABAg.9har0tuvaOu9hayz-zJg4p,Takeshi!!!!!
UgwZP5uPygRMw1S8l_p4AaABAg,Wait what!?
UgyAqn4gh2DHXU10A2Z4AaABAg,Bae's got me feelin things with this cover ohmagawd
UgzdM_culc73xKXoW-t4AaABAg,Epic
UgwRg_4mngPeJfRbto94AaABAg,Honestly this is so well sung it's quite possibly my favorite hololive song
UgwN8e5Dsf6dNTTbgjx4AaABAg,"actual chills, am now deceased, thank you bae"
UgzmBrFn7pFr8qCWm9R4AaABAg,Somebody gimmie the art plz
UgwvjdK15lnLDymF5Jt4AaABAg,Im gonna die this is so good omg
UgxkO_5suE4czFVbuuF4AaABAg,Hot damn. I can't believe I missed this release cause I promised to touch grassğŸ˜­ that vocal range and control was amazing ğŸ˜
Ugx7kmnfsBTvLFhJU-54AaABAg,I'm so addicted to the part where she uses vocal fry! I can't stop repeating this just to hear it. Bae's vocal range is magical man
UgwSXZF6mvWR4svNTgd4AaABAg,ğŸ˜ğŸ˜ğŸ˜ğŸ’˜
UgzHcv0qhgRpNYr5TUp4AaABAg,"First time listening: pretty good
Second time: okay this is slaps 
Third time listening to it: hell yeah




After that: URUSAI NAAA"
UgxZKoIakVb7pH-oIs54AaABAg,"BAE SHOULD JUST GET SPONSORED BY UBER EATS!

CAUSE SHE KEEPS DELIVERING !!!!"
UgzuA16tf15POptjK7t4AaABAg,Amazing!
Ugw9NYxEAPe2F5Qli6N4AaABAg,The Bae who laughs
UgzJNqOK_N_q1ija-5N4AaABAg,"Goddamn, Baeâ€™s vocal range is crazy ğŸ˜³"
UgyFV4UNdwxEMEb4jAJ4AaABAg,â¤â¤â¤â¤â¤â¤
UgwOCPihNg8wsnFE1wN4AaABAg,â€¦..ğŸ¤°
UgwfYo5_kM2-q1qrBgB4AaABAg,SICK ART AND VOCALS HOLYYYYY!!!!!!
UgzqZgFe6Xs2r00yvX14AaABAg,"happy upcomming holloween little mouse, council and myth. Cant wait to see what Hololive community has to show for this year."
Ugy5G2jkhkD79cLLYCt4AaABAg,Bae's deep voice + rap = finally chaos awaken
Ugx4z9FA2X-pCryPX694AaABAg,"OH MAH GAH, Bae's deep voice struck this hella good, i might have a new favorite song as well~
Boy the MV is sick, loved it, thanks for the new song Bae â™¥"
UgxiIDE1cDsp-EGUtPB4AaABAg,Excuse me ma'am ğŸ˜³ you can't just be singing like this without warning.
UgxRbiu4VCoa6Gkt_Y94AaABAg,awesome cover Bae! amazing voice as usual
Ugxfdb8xo4GjZsLycJR4AaABAg,"Once again, canâ€™t wait to see you dance to it. Sounds like itâ€™s just your style."
UgzhsrjeLMVuskeAvRJ4AaABAg,Absolutely KILLING it Bae!
UgxXQtaFaEl8pDlppll4AaABAg,"that ""strange"" intro gives me chills every time i put this on repeat"
UgxjrHSpx35xzKWKzaR4AaABAg,Is Bae chaos form reference from rats that being carrier for Black Death?
UgwJcgah7vdQCxfsGBZ4AaABAg,man... is it weird that i want bae to step on me?
UgzjDcGPgmCIwNLBQfJ4AaABAg,100k ğŸ‰
UgwT8wxwAAbNKwvhDjd4AaABAg,The true chaos inside bae is woke up
UgxZGGf0YTvmZ7ePD_t4AaABAg,This music is just insane so BOP!
UgwGBGCtGXjXBvzGhqx4AaABAg,i am a homosexual
UgxTrQExSfz6TOWflRB4AaABAg,Bae singing in her Irys voice lmao beautiful
UgzMtVTZ2_QR-6R35_V4AaABAg,Mumei ?
Ugwy_yCjz-Knd_b-SdR4AaABAg,WHAT A BANGER
Ugwy_yCjz-Knd_b-SdR4AaABAg.9hZHYF1IkNF9hbJpVhsR4v,"Same as your aishite x3 MV also
Really cool !"
Ugwy_yCjz-Knd_b-SdR4AaABAg.9hZHYF1IkNF9havsG5DJpa,Yeah what a banger indeed ğŸ”¥ğŸ¤ŸğŸ˜
Ugwy_yCjz-Knd_b-SdR4AaABAg.9hZHYF1IkNF9hapa6d3UuQ,Hello Zeta
Ugx_KJDidJsDyk6tr-V4AaABAg,Urusaina hits hard
Ugyl3Pz-KZEHCZvzl3J4AaABAg,LETS FREAKIN GOOOOOOOOOOOOOOOOOOOOOOOOOOOOOOOOOOOOOOOOOOOOâ¤â€ğŸ”¥â¤â€ğŸ”¥â¤â€ğŸ”¥â¤â€ğŸ”¥â¤â€ğŸ”¥â¤â€ğŸ”¥â¤â€ğŸ”¥â¤â€ğŸ”¥â¤â€ğŸ”¥â¤â€ğŸ”¥â¤â€ğŸ”¥
UgwhkcmbTAsXlOxgGRh4AaABAg,ğŸ¤¯ğŸ¤¯ğŸ¤¯
Ugyaxr66lt9RVaQwxuB4AaABAg,ìˆ«ì 256
UgxFLmEPDklbT7ifghJ4AaABAg,ã‚ã¡ã‚ƒãã¡ã‚ƒã‹ã£ã“ã„ã„ã‚„ã‚“
Ugxzfv_lB5jJnU0Rd714AaABAg,"I AM SILENT, MA'AM!"
Ugw_7Z6r7ux3IOQ1be54AaABAg,"Ha""ghoul""s Baelz"
UgwemivFzC8Ho8Bd3P54AaABAg,"OMG.......it's completley out of my exepectation...well I already expected that her singing would be awesome....but wow...
If someone asks who do you love the most..I'll say Bae...â™¥ğŸ’•â™¥ğŸ­
((I know I'm being extra...but this is the amount of what I got impressed by her awesome low-key voiceâ™¡â™¡))"
UgwoP082L0NLbpaFQYZ4AaABAg,Ratlord more like RAPLORD
Ugx57HGhSIx2bBtQVsR4AaABAg,"Bae in her pure chaotic energy but became Seiso and Cute after she met Irys
Thank you for the cover. love your voice!"
Ugx6-EylwfJt8RbeE4l4AaABAg,Bea using her deep voice is like two completely different people and I love it
Ugw8J5tqA8XVuKtdWLF4AaABAg,Ah I thought it was Killing strangers xD
UgwO9SyKve7w2iU1uKl4AaABAg,"I think this is one of those songs that you hear, and then after you walk around for a week going ""urusai na"" you realize how much it has stuck on you. Such a good cover Bae!"
UgzthV9wSHCVLc2fF314AaABAg,"Chain Chomp mouths are the best kind of mouth. 

Also great song! I like when you use a deeper voice."
UgzsnHxJ-LGeOWDdYdV4AaABAg,"This song also gives me chills, and that is what I love about it, great work BaeğŸ¤˜"
UgxK_hqtsyQYU_h2QaF4AaABAg,"This imagery makes me realize on why there is not really much horror games based on the Council members, because of their concepts, there is a lot of potential and this imagery kind of proves it XD"
Ugz6ck8lXc8XlHfIlBp4AaABAg,ãˆã£ã¡ã™ãã¦ç„¡ç†
UgwXN8VW7eUg4zySybp4AaABAg,Can you put this song on spotify?
UgwXN8VW7eUg4zySybp4AaABAg.9hYd4oXD7zm9hZEmgIWDRc,cover song cannot put on spotify as this song is not hers
UgzVFXK4GGJZcX62Rrd4AaABAg,deep voice is amazing
Ugy4NTSkT1X_s7T33Et4AaABAg,"An amazing cover of one of my favorite vocaloid songs ever, instantly became my favorite hololive cover of all time, love it SO MUCH!"
UgzBGSM9lUQQE0mqe3x4AaABAg,i'm alive but i'm ded
UgxAYxgEsrl-QWaogSR4AaABAg,thank you for this amazing cover bae! can never get enough of your deep voice
UgxO-wGHScHH_G9c2fd4AaABAg,I love Bae and this song... But the illustration reminds me Japanese dark website T_T
UgxA6bkA-uSXET_E1jp4AaABAg,"If someone told me thats Bae i woulnt believe it ahah
Thats a very sensual coming from our lovable but bratty Rat.
Very skilled indeed <3"
UgzfvXgfDkbuNfMvXbF4AaABAg,"Wao, love her voice!!!
Rat during 1300's be like"
Ugyn24jzZQfkVWes0Ip4AaABAg,Itâ€™s hard to believe this is the same rat streamer I subbed to
Ugzf8oO61ApsabFmunl4AaABAg,Chaotic Evil Bae is making me feel things. I think the term is scaroused
UgwVjuEe0OMUH9nQc6l4AaABAg,ğŸ‘
Ugy5KZr618MkU82TKSh4AaABAg,"The Great Horned Rat approves!  For CHAOS!

I really enjoyed your cover, Bae!  Killin' it with your vocals!"
Ugy6J6p14iZvCqEHcVp4AaABAg,Badass Bae <3
UgyzI83cyD7FrvT9Hrh4AaABAg,"Going from the Smol Bae Show and Tell stream to this was a trip. Good job, Bae! Perfect for Halloween week!"
UgzBAyWSdtNkpsbXvyx4AaABAg,god damn bae like wow i'm sweating
UgzZK55MzXHaRDupxUV4AaABAg,I kneel to the rat god
Ugym-0gkRGh2-mG3j9R4AaABAg,"So f-ing good, you did magic with your voice in this coverğŸ”¥
Thank you Bae."
UgyNuXcb1BYTl7hvDcZ4AaABAg,pretty damn nice
UgzDu9oQgQMy37Wv6b14AaABAg,é¸æ›²ãŒã‚³ã‚¢ã§ã„ã„w
UgwRsT63G3N1gW681GN4AaABAg,i want an edgy black model for Bae like this now
UgxLfakfagPSnUtX4B14AaABAg,My god this is amazing
UgykcHCEpiRI7Oa0De14AaABAg,urusai na
Ugz3ApHJM-VL1xNtus54AaABAg,ã‹ã£ã“ã„ã„ï¼ï¼ä¸Šæ‰‹ã„ï¼å‡„ã„ï¼ï¼(èªå½™åŠ›ï¼‰
UgzXhKQteSPtwysyP-Z4AaABAg,this song was great!! goosebumps at the last laugh! amazing vocals!
UgwvheFLYKudb09boVt4AaABAg,"This MV was so spooky, I almost didn't notice that Bae had a visible, lacy, black bra.

Fanartists, take notes."
UgzcG-fZQvESiKLjn2t4AaABAg,Can you get edgier than that?
UgzEr2yARLUwrUtgmrp4AaABAg,Strong Ozen vibes
UgwFZUyv8kvT375Jilt4AaABAg,They donâ€™t call her the god of chaos for nothing.
Ugz_Hw3x3gWn7yiXuiV4AaABAg,Uh... It's not Halloween yet Bae ğŸ¤£ ğŸƒ
UgyDdWZWBY0tT2kuFTV4AaABAg,sick
UgyEfAE4PuYpcw2phTh4AaABAg,Hint to a new outfit design?!?!?!?!? Ikuzooooo
UgxEpSIRryLolkZne_J4AaABAg,Got damn this slaps hard ğŸ”¥ğŸ”¥ğŸ”¥ a certified hood classic.
UgwD5yjn70d_kHicYtt4AaABAg,"Damn, Bae."
UgyuAow_7gX4VeHj3rB4AaABAg,Wow ~~~
UgzDRCEBJjo869WFiRZ4AaABAg,I am both scared and amazed. Great song cover for halloween time. Now i cant get out of my head that this might be the other side of our adorkable rat.
Ugya7nFBoJlf_xd0Uex4AaABAg,"The laughing section gave me chills
Amazing work Bae"
UgzPZbJ3qZKhmrh8rtl4AaABAg,:)
Ugx1oZ-ngMI4L7JNv2F4AaABAg,That was cracked
UgwozZM-kNMts_h8fJx4AaABAg,Any chance Bae is also related to Alastor? She just doesn't have the radio voice but has instead a deep voice
UgzLmTC6IBhJXI5octh4AaABAg,you never cease to amaze
Ugwz32pZIK9Gy04OaUl4AaABAg,The modulated laughing at the end was a nice touch.
UgwbCg5XWfEE7dvwnMN4AaABAg,HOLY FK HOW DID I JUST NOTICE THIS- I'VE BEEN VIBING TO SHIMON'S SONGS RECENTLY. THANKS FOR THE FOOD BAE TSKRRRRRR
UgzzcSlwdv1kdYEG35l4AaABAg,NiceğŸ˜
UgyIX0gS_9WyVdw49ah4AaABAg,1:31 This should've been a growl hoooly. That would've been amazing.
UgxF1qJ74LCXwgDtjBR4AaABAg,the thumbnail kinda looks like muzan
UgybfSa44DOD9B-HJmZ4AaABAg,Chaos Incarnate 
UgyQes3soU_5Hrvkp7p4AaABAg,God I love crazy girls
UgwZgyaQA7_9lIEAemp4AaABAg,"Oh nice. Cosmic-made horrors beyond my comprehension. 

Memes aside, fantastic job."
UgzbFllTbOSC2tmqJtV4AaABAg,You can keep doing this to me. It's so damn good ğŸ˜
Ugw74Af2lMZxQPSrd-B4AaABAg,"Strangly enough, I felt brainwashed from Bae when I relisten to this song over and over again , and I kinda like it! Release That CHAOS inside of you, Bae!!"
UgwrAvyfcYsJP_By0xZ4AaABAg,I don't know how to describe how AWEOSME this is!!!!
UgxDdZtAuabegNLeQrp4AaABAg,holly banger ğŸ”¥ğŸ”¥ğŸ”¥
Ugx6xlZ5A4tYvcp0cMl4AaABAg,"This looks like what that Undertale alternate universe artist would make of Bae.

And I ain't saying it's bad, I'm all for it"
UgwxZS2B39M6z2qkxWJ4AaABAg,ã“ã‚ã„ã­ã€‚ã€‚ã€‚
UgyBRPAhT20Si8eN1KZ4AaABAg,"Love this song so much, never expected a holomem to cover it but I'm so glad you did. You absolutely nailed it, fits perfectly with your voice and the artwork and MV are the icing on the cake. Amazing stuff."
UgwLUs5i0KvNo18l_Xx4AaABAg,oohh biblically accurate agent of chaos! Awesome MV and cover.
UgySyPf-jaGcFQ7nNTh4AaABAg,That's strange
UgxM-_qcPgzMNSXLsKZ4AaABAg,I did not expect this but I sure am pleased
UgzRJgBVKztcV1_RpWl4AaABAg,Love it â¤ï¸
UgzvrrvXCot3QvQj3Z54AaABAg,nice
UgyVvxGkTd_zsGf9YLR4AaABAg,*Amazing* ğŸ’•ğŸ’‹ğŸ˜
UgwUZVJr6oisa3CC7k94AaABAg,The deep vocals make this sound all the more awesome and sexy. Love it a lot!  ğŸ‘ğŸ¼â¤ğŸ‘ğŸ¼â¤
Ugyjye9jCSMXqnViuht4AaABAg,Strange? All looks normal for me..
UgxM5gJ-0ihNXQXZPVV4AaABAg,"sheeeesh, this is fireeeeeeeeeeeeeeeeee. Ty for making such epic covers"
UgzU_uiolfpKSgFDOMp4AaABAg,"Haachama is starting to have some competition over the most horrific member. For now the second place is highly contested by Bae, Suisei, Korone, Sora and.... *reads script* Ina? What is Ina even doing here? Ina is just a normal human. No no no, Amelia Watson should be here, not Ina. Hell, if Ina is here, we might as well include Kaela as well, for those who enter her MC house get ultra scared of the resident world grinder..."
UgwtSaOrpWoR9YJRiqt4AaABAg,wow this is so cool
UgxsDXcbDYOWY-D66nN4AaABAg,Damn what a banger. And such a deep creepy atmosphere. Wasn't expecting it from the our scaredy rat. Amazing cover. Bae's deep voice is something to be treasured. Tskr
UgyoeYsOz2enD46axCx4AaABAg,With this music introduction i was expecting some very angry rap or growl i don't know xD. In another line reality maybe lel
Ugxg5ATMGCbtXqQY5XZ4AaABAg,Bae doing a deep singing voice... sooo scintillating.
Ugx49QtrfGYf3D8zP654AaABAg,this Bae is the type to appear in someone's nightmares and the way she speaks makes u think there is like a crazed version of yourself in your head. Nice job
Ugxh5mGTKG8fLHQTdGx4AaABAg,"The dark side of Bae is a great success in this cover. It fits perfectly with the artwork, man i'm so down bad now."
UgyxiQNk_UOS1__Drg94AaABAg,Her true form showing through?Â¿
Ugy6dtlinI1eWwiaORR4AaABAg,"This gonna blow up in 3 days, just watch"
UgxL03WE-_ZrS32AsOt4AaABAg,"Rock Star Voice.
Would love to hear her sing Magia Quattro with Cali.."
UgztmujEyCiM3TTBnN94AaABAg,í•˜ì§€ë§Œ ê·€ì—½ë„¤ğŸ˜‚
UgwPNeDImfTs5RKypfN4AaABAg,ğŸ’–ğŸ™ŒğŸ»
UgzHv6zsv597_RfpL8F4AaABAg,Omg that was great! You should cover Lucifer too
UgzA4xfzOYg8yMdZ52B4AaABAg,Chills!! Literal chills!!!
UgxPHtwkqaNpKkFWCft4AaABAg,Chaos mommy
UgzM36HAvVQPrCk_-AB4AaABAg,ğŸ¤©
UgzkHgjH2hN-LOmGJa54AaABAg,"Urusai + that laugh at the end. 

I love it."
Ugy4ydzwqfjBTgIfDpR4AaABAg,you could say a bit hen å¤‰
UgxUUEQO5L6z2kpaZ3h4AaABAg,Is this going on Spotify?
Ugxvk9aarkBaVpxWm0J4AaABAg,Bae's whispering voice always activates my neurons
Ugz5LZ91Ho-Rl2b5rit4AaABAg,"omg Bae... you're just so stunning, your vocals are just perfect<33"
UgylqWzhOGmwT8fkqO54AaABAg," What a cover !! I'm in awe ... I guess this is what happen when you mix raw talent and hard work, thank you so much Bae ... Also, that last urusai ... TSKR "
UgxQ3PkFghl0GvXG2WV4AaABAg,She's never failed to amaze me with her sheer range and talent 
Ugw2HVNqnfjvlBEWnMN4AaABAg,"This is ringtone worthy, especially at the end with the laughing
Which is ironic cause that'll be me telling whoever is calling to shut up"
Ugzmh-6Uri0pjW59ahR4AaABAg,"You need to listen with earphones/headphones, That bit at the end gave me chills"
Ugx7liCf4LUJfs8pIed4AaABAg,"Bae's image in this video is how I would imagine chaos personalized. So cool~~ What we have is cute, easily-scared coffee addict"
Ugww6yMTeICkbzjiy6N4AaABAg,ã‚ã®ã‹ã‚ã„ã„ãƒã‚³ã‚¹ã•ã‚“ã‹ã‚‰ã“ã‚“ãªã‹ã£ã“ã„ã„å£°ãŒå‡ºã‚‹ãªã‚“ã¦!ã¡ã‚‡ã£ã¨ç—ºã‚ŒãŸã€‚ã€‚ğŸ˜µ
Ugx_b4Zn7FtaJltpfGN4AaABAg,can u get even cooler omg
UgzDOMuHJqEWEcYgGux4AaABAg,Love how cool you sound !
UgxOPXhNF04lZ_qwkR54AaABAg,*gulp
UgzIx4dRe3p3T_4HT0h4AaABAg,"Nice cover Bae, good job"
UgwG7SXkbfglQRQm6kp4AaABAg,This is my favorite song from shimon! And no way BAE doing the cover for this!!! NO DOUBT MY FAVORITE COVER SO FAR!! ğŸ˜³â¤ï¸
UgwJjHqG44XQtO6r6dd4AaABAg,"UUUWWWOOOOGGHH
URUSAI NA CHANGE ME
"
Ugy6u8pafyojAC4poWt4AaABAg,yandere Baelz pog lets freaking go
UgxDEzQ9naaZ8st8S5t4AaABAg,"Bae sounds so cool , classy and spooky !!! IÂ´m scared but also delighted "
Ugwvcl1itI1gBgFyfnx4AaABAg,"WOW! Very cool, much heart pumping thrill! I love it! â¤
BUT IT'S SO SHOOORT, BAE !!?? After your previous 8 minute adventures this cover was over in a wink... not that I'm complaining x)"
UgyQpzWR5NLXKCmAWLt4AaABAg,Damn good vocals Bae.
UgyXbPi12fKqUXfeQ_B4AaABAg,BANGER AS ALWAYS QUEEN
UgyBOD25JBmzt0DdaFF4AaABAg,goose bumps
Ugz9OPvsSwici5pfQZ54AaABAg,first time hearing Bae sing and wow just wow I'm left in awe absolutely amazing.someone please link me this to spotify and not the original version but Bae's version
UgzN1O2NtY0hrsqMMFt4AaABAg,DANG BAEEE ğŸ”¥ğŸ”¥ğŸ”¥ğŸ’¯ğŸ’¯ğŸ’¯
UgzCz1FpR4-wguh-KU14AaABAg,YES I LOVE BAE'S SONGS
UgwK_9D9ewskhsOVuAp4AaABAg,The only bad thing about this is it is so short...like the bae ğŸ˜
UgxigyWH6WllqFM4YSp4AaABAg,"Am I strange, if I say ""please, step on me?"" Cause this is what I am getting with this vibe ğŸ‘€"
Ugw-9l3d85HCCznhlIt4AaABAg,im addicted to this
Ugyw8Xb3eCRn_W9POON4AaABAg,"This one slaps, but bakedeath just nailed it, check her out"
Ugyw8Xb3eCRn_W9POON4AaABAg.9hWidCWA7jb9hX0qBPP2I3,"@Banana Bunch! Can't wish for better explanation. You already know that i prefer bake's version, but i easily can be biased just like you, because i'm not an often visitor of Bae's channel"
Ugyw8Xb3eCRn_W9POON4AaABAg.9hWidCWA7jb9hWqZ3plOLj,"Never heard of bakedeath before but I went ahead and watched it and at first I was put off by her tone of voice because I thought it didn't match the song but then she started fluctuating her voice, and that's when I started liking it. 

On top of that, when the small growls came in, it was over for me from there. Head bops needed to be delivered pronto. She also incorperated a lot of the noisiness from the original song which was definitely well-edited and added more creepiness to the cover in contrast to Bae's cleaner version where pure vocals were the main focus of the cover.

I still prefer Bae's version but that's purely based on bias because I liked Bae's stylistic choice of adding the breathiness and vocal frys to her singing(which makes her sound like a zombie) but in terms of quality, I think bakedeath got it in the bag, it sounded super professional."
Ugx7YJ_mXz68K4D2RtZ4AaABAg,Jammin
UgxpLc7vIetpKO_JAG14AaABAg,What a banger
UgxEQ5mJfX7TWQm-_lZ4AaABAg,deep voice bae tskr ğŸ™
UgxanQJF_yUZJmBM-nl4AaABAg,"That was horrifying, thank you"
UgyHZ8K5JK0vNAAhXct4AaABAg,urusai na te nandayo?!?
Ugza2gtl3YOj6YHMs594AaABAg,Love it ğŸ”¥
UgxOeWtsyEnrgtTZrxd4AaABAg,ğŸ”¥ğŸ”¥ğŸ”¥ğŸ”¥ğŸ”¥ğŸ”¥
UgxOeWtsyEnrgtTZrxd4AaABAg.9hWfM2jz1gc9hbMMuGgObY,Hi Ollie
UgxOeWtsyEnrgtTZrxd4AaABAg.9hWfM2jz1gc9hapVOm34Sj,Hello Ollie!
UgxOeWtsyEnrgtTZrxd4AaABAg.9hWfM2jz1gc9h_hf-MNXIx,Supportive zombie momâœ¨
UgxOeWtsyEnrgtTZrxd4AaABAg.9hWfM2jz1gc9h_C42FpkvT,"Hello OLLIE!
Can't believe there aren't many replies yet."
UgxOeWtsyEnrgtTZrxd4AaABAg.9hWfM2jz1gc9h_-wrIhhC3,"HELLO OLLIE, HOW'S YOU DOING ?"
Ugz6Y-yvg27sNXLhwQx4AaABAg,"good job ya, still not sure how a 5 year old rat sang this but that's chaos for you"
Ugw5PLojI1JZ5uk0l8N4AaABAg,"just go home and see this 
i was like : MY DARKSIDE IS AWAKENINGğŸ˜ˆğŸ˜ˆğŸ˜ˆ"
Ugz5muqtlFECbVwrzqB4AaABAg,Once again the vocal range of this wonderful rat blows me away
UgzjBkADkJpAF4j6g_Z4AaABAg,Perfect wedding song!
Ugz_QtpuFlF9JqENhzZ4AaABAg,ğŸ¤ğŸ¤ğŸ¤O-Okay.... BUT I still want to thank you for always working hard to create new music contents really appreciate it 
UgyEHLHmVoexuZ3Akpx4AaABAg,*Baelz Hakos: Manifestation of Chaos Incarnate* ğŸ”¥â™¥ï¸
UgxC5QXgV5XZlUOFFbV4AaABAg,"å‰ã€…ã‹ã‚‰åˆ†ã‹ã£ã¦ãŸã‘ã©æ—¥æœ¬èªä¸Šæ‰‹ã™ãã‚‹ã€‚
å¼·å¼±ã®ã¤ã‘æ–¹ã€æ¯ã®å…¥ã‚Œæ–¹ãŒæ—¥æœ¬äººã®ãã‚Œ
å…ƒæ°—ãªæ›²ã‚‚ã„ã‘ã‚‹ã€ã“ã†ã„ã†ãƒ›ãƒ©ãƒ¼ç³»ã‚‚ã„ã‘ã‚‹ãã†ã„ã†å½¹å¹…ã®åºƒã•ã‚‚ã¹ãƒ¼ã¡ã‚ƒã‚“ã®é­…åŠ›ï¼"
Ugz-CQ-syj4QknP_Sk14AaABAg,"Amazing job on the cover, Bae!! Your vocal range is always so surprising "
UgzeUbn4A6mJ0oCXDbh4AaABAg,ã‹ã£ã“ã„ã„ï¼å¥½ãï¼ï¼
UgyCtOJiAK27PPEwukB4AaABAg,This hits so hard~ I love deep voice Bae â¤
UgxhioP8cV1HYK9LQhR4AaABAg,I wonder if Bae was scared of the art. ğŸ¤£
UgzIe_XyR6SF3tC6uK54AaABAg,Man Bae. Knocked it outta the park again! â¤ï¸ Great work to everyone involved! [Including the fans]
UgxfIpp93OMM1cndQYt4AaABAg,LETS GOOO
Ugw-ycfexLRYBsh8cR54AaABAg,AMAZING~!!
UgzzcR__KwfAVka7_RR4AaABAg,AMAZING 
UgzgDxkeXr9FO1HtOpB4AaABAg,ä»Šã¾ã§ã¯ãƒãƒ©ãƒ¼ãƒ‰ç³»ã®æ­Œã£ã¦ã¿ãŸãŒå¤šã‹ã£ãŸä¸­ã€ã‚«ã‚ªã‚¹æ‹…å½“ã®ç‰™ã‚’å‡ºã—ã¦ããŸæ„Ÿã˜ã‹ã£ã“ã„ã„ï¼ï¼ã¹ãƒ¼ã¡ã‚ƒã‚“ã®ãã†ã„ã†äºŒé¢å¥½ãï¼
Ugzm_T5q39wKuLWXvfJ4AaABAg,"I love the build up before the amazing drop plus I need a longer version, I'm sick of abusing the replay button"
Ugyk57saQrpneKINyYZ4AaABAg,"Alright , this fucks. "
UgxozMCu3Dx__M3mJsp4AaABAg,"Bae: ""Urusai na...""
Me: ğŸ¤



(But man, what a banger!! She really popped off with this one!)"
UgzO_HohCMMsX45JssN4AaABAg,"Yet another absolute banger, as expected of Bae "
UgwQwMwGK8QeMFJtBr14AaABAg,I will never forgive you for Ubersreik Hakos Baelz!
UgyTyJ7Adm0g7vS8mWV4AaABAg,Chaos is in the house BRUHHHHHHHHHHH!!!
UgxFwvEx2sAvM3oIBKl4AaABAg,Perfect music for slaughtering zombies and for racing crazy fast in Redout 2
Ugz4fD_OPwcSDO8MvXF4AaABAg,Dang this is a banger. And that deep voice too
UgwgCgwDSmnv2x16DN14AaABAg,This slaps so hard it gave Chris Rock brain damage
UgySaHdJg8NOzE7bQBN4AaABAg,"Not strange, just beautiful chaos"
UgwO_D7PA_5EEX9ga5p4AaABAg,ã‚«ãƒƒã‚³ã‚ˆã™ãã‚‹
UgzSYKsFLR0qYq5x4WB4AaABAg,
UgwC1CD7EN8eGEDhhsl4AaABAg,Sometimes you forget just how much range Bae has until she comes out and punches you in the face with it. It's impressive every time and I won't get tired of it.
Ugw7-RyG9v9oTs4efA14AaABAg,"Pardon me Doctor, something's strange with my Rat and it's scaring me. JK, but Bae's got some real lyrical talent with her JP rapping skill here! Also, deep voice Bae always gives the best Ara Ara vibes. ğŸ˜"
UgzU-UFdUM-mjr4MDG54AaABAg,This is SO sick
UgyA0iWEbUPJD6WBWSp4AaABAg,literally goosebumps
UgwA1XSUI8WohD8fmAN4AaABAg,The lock on Chaos is slowly falling off ğŸ‘€ğŸ‘€ğŸ‘€.
UgxLcwVq87RJ5dDcGFF4AaABAg,Bae true form
UgxM8-VNSC9RMHlsr3t4AaABAg,é¸æ›²æœ€é«˜ã™ã
UgzfZ23XmiInFHpISMt4AaABAg,That was the coolest and most disturbing thing I have seen come from her. Either way I love it. Once again bring out another side.
UgybRtL7lnuBQR2qX0Z4AaABAg,THIS IS BANGERR
UgycgpMoYBrjOb5juIB4AaABAg,this is such a banger imagine if she keeps doing songs with this vibeğŸ”¥ (cover gospel by wotaku plsğŸ˜­)
Ugy_oQ-yyqnBjendttl4AaABAg,BAELZZ!! AHAHSV!!
Ugz74fstFDAGy4E7Zk14AaABAg,"Just got back from checking out the original, and upon a second listen here - gotta say - this song flat-out slaps. Having it pop up twice on my playlist is the only option now. Thanks for your hard work Bae!!!!"
Ugx0RaElIl_Ccz4d2sp4AaABAg,ngl that last urusai's were intimidating! Thanks for the banger cover bae
Ugwt1VTs5cSfKWobEfd4AaABAg,I love when Bae becomes rat rapper! The crazy laughing is wicked too! Also that picture :o)
Ugx7uct83n_eK30ZQHh4AaABAg,"Even if I don't like every song you cover, your voice is amazing in all of them! Incredible range!"
Ugw3PeQGV8xz3d2Xbpt4AaABAg,"This ain't a rat, this is a jackal"
Ugx_dJIkFYNZJL45MOJ4AaABAg,ã‚ã£ã¡ã‚ƒã‹ã£ã“ã„ã„
Ugy6I91yqV9h60wiq0V4AaABAg,OMG! Amazing voice 
UgwfJQN77thgC1kOqJx4AaABAg,This was a banger! I really enjoyed your deeper voice in this track!
UgxJFNjeSoldEmwHK-N4AaABAg,"She can't keep doing this


She can't keep making me simp more"
UgyqfzqOsxwqpX3YJIZ4AaABAg,Dude.
Ugy8LB6pW07viLmw0o94AaABAg,I'm surprised this doesn't have more views; it's amazing and Bae killed it.
Ugxy4JRVlUbO-2ju6kB4AaABAg,Deep Voice Bae hits different.
UgwHa6FkscByj2h5yy14AaABAg,This slaps.
UgxXETYVvvAcG8XYLvV4AaABAg,"the voice is too perfect
definitely my new loop"
UgwfA3fA4bMCKFE3P9R4AaABAg,ğŸ˜¨is this true from rat the chaosğŸ˜¨
UgxPx9hzD_B7r9FDeAN4AaABAg,"Woah! These vocals are so on point itâ€™s scary! The mixing is so well done too, youâ€™ve voice and the instrumentals are placed perfectly in balance â€” it sounds great! That art is perfect for Halloween too! What a great cover!!! â¤â¤"
UgyMwcGdEeI76zytZG94AaABAg,omg
UgyiIsMY471fOFAFvNF4AaABAg,ã‚«ãƒƒã‚³ã‚ˆã™ãï¼
Ugzif-0LG10Q6tXEvzh4AaABAg,i get a ton of CORPSE vibes from this lol
UgyWWWODJD_Bp4eWzd14AaABAg,Bruh. Sick.
UgzLWrdQVKc_CZh9pB14AaABAg,This was awesome BaeğŸ‘ğŸ‘ğŸ”¥ğŸ”¥ğŸ”¥
Ugwfke_2wvt1gahlSN14AaABAg,Literal Chills with the hot and cool combine. Immaculate â€œcoverâ€. This is perfect.
UgyaRG7bEkPKw0c1Jst4AaABAg,ã„ã„å£°â€¦â€¦
Ugx2PDo02yMKPdNCtHR4AaABAg,"That deep voice goddamn!!!
Plus that art style is SICK AF 
1:51 PURE CHAOSSSSS â¤"
UgxJyf3sfukaVVF3IId4AaABAg,ãƒ™ãƒ¼ã¡ã‚ƒã‚“ã®è¡¨ç¾åŠ›ã®å¹…ã«æƒšã‚Œæƒšã‚Œã—ã¾ã™ã­â€¦ï¼
Ugyt6_QF-4OLwMOZRvV4AaABAg,I think I like this like a lot more than the original idk why
UgxWSE7XUS2dF4u-CLV4AaABAg,Interesting how Bae's Australian accent  completely vanishes when she's singing in Japanese.
Ugzc-fl4xYA5U1Av9Sx4AaABAg,
UgzzeZxFURKfy3PLUNB4AaABAg,can we all agree that punk bae hit's different?
Ugy4mepfNk4MIYtw7Np4AaABAg,ğŸ‘ŒğŸ‘ŒğŸ‘ŒğŸ‘ğŸ‘ğŸ‘ğŸ‘ğŸ‘ğŸ‘
Ugzjrv0dsSt-i557ePZ4AaABAg,Chaos!
UgxlaJejKqWxT9w5SOp4AaABAg,"Baeâ€™s deep voice makes her feel more human to me for some reason
But it very alluring!"
UgxSY5bur_lkAFXyMH94AaABAg,catJAM
UgxXBGJEHkWOfm165NB4AaABAg,bae is really chaos
Ugz6bPlK-rtpujV-WFx4AaABAg,"Thank you for branching off into skavencore, yes-yes!"
UgxuzEcaHsOY8yu_nRt4AaABAg,I know this is a cover but I need this on spotify
Ugxn2s-myUOeUZeANH14AaABAg,HOLYYYYYY Bae's deep voice ğŸ˜³ Yo she's so cool
UgzHTY1zr4QJxkE-o6B4AaABAg,"DEEP VOICE BAE TSKRRRR
that rap was so fuckin fire i felt like she took notes from calli, and ayo those laughs at the end???"
Ugyd0sIWCoHlR9Zutvp4AaABAg,MVãŒã‹ã£ã“ã‚ˆã™ãã¦æƒšã‚ŒãŸ
UgyDzF10BYYpwuAdhIB4AaABAg,ğŸµğŸ¶ğŸ˜†â¤ï¸ğŸ˜†ğŸ¶ğŸµğŸ˜ğŸ˜ğŸ˜â¤ï¸ğŸ‘â¤ï¸ğŸ‘
UgxiUMAMEIWeZKeLdjx4AaABAg,BAE SLAYYYY ğŸ”¥ğŸ”¥ğŸ«¶
UgzaSSHqi35SDcd4vm54AaABAg,"Thanks, Bae. Now I have another song stuck in my head!"
UgwXOw_rT9Ym7R553vp4AaABAg,"B  I  T  E  S
D  A
D  U  S  T  O"
UgwXOw_rT9Ym7R553vp4AaABAg.9hWDL-9Yj399hWFNOpqW_Z,@Magnustopheles ZA HANDO: ZA WARUDO!
UgwXOw_rT9Ym7R553vp4AaABAg.9hWDL-9Yj399hWEnITHXyR,KING CRIMSON
Ugye4IJTWn6HTeeBrW54AaABAg,Her memories are broken like barriers and the truth that lies was unspoken
Ugw7luBeqFDDm0XhM7F4AaABAg,wow
UgwJ_Fn35sUekv7flVB4AaABAg,"As a non-regular, I love Â¿?shimon, so thank you for singing this song bae! Iâ€™ll put this on replay"
Ugz2mxhJDVnV9Lt5kyd4AaABAg,Baes true form has been unleashed
UgyK4t_jf2z11MN0RQR4AaABAg,"So chaos, insanity, and feels like a villain vibe of this song.... nice."
UgwHPWhKRV83lKoLf894AaABAg,"DAMNNN THIS IS FIRE ğŸ”¥ğŸ”¥ğŸ”¥, the art, the low tone, everything is damn good ğŸ’¯ğŸ’¯"
UgwaHiL50BOJo27-6sZ4AaABAg,"Another banger by Bae, your voice is really amazing and the range you can go to. We are truly spoiled. Thanks Bae "
Ugxzt0mzJn2vcSseVMJ4AaABAg,BROOOO THIS GOES SO HARDğŸ˜­
Ugyx5_Dqw-x4Xd65WCt4AaABAg,Deep bae voice on full display here.
Ugwdy-v0Vp69mraszXB4AaABAg,"Her voice just hits diff
And then you get k.o'd by her talent"
Ugwc0F3bs9_q-kAY7cN4AaABAg,"I'm gonna bet she was jumpscared by her own MV.

Love ya, Bae~<3"
UgxCr91QnoLIC08zvc94AaABAg,Another banger.
UgwXZRna8cGLY1SWCDd4AaABAg,This is Bae? For real?!
UgxTI7aHg1-NkiDlUaJ4AaABAg,This is ğŸ¥¶
UgwSingnW-pizTtkAdN4AaABAg,OMG ESTE COVER ES UNA MARAVILLA â™¥â™¥â™¥â™¥â™¥â™¥â™¥
UgwuXcXXh5DcPVEdECd4AaABAg,"This still makes you cute !!

Also that beat is sick."
Ugz7boBRyw-9yWgaMc94AaABAg,She is Chaos God.
Ugy3YVOzPWav-JNPgTd4AaABAg,LORE ACCURATE BAE!!!  LORE ACCURATE BAE!!!  LORE ACCURATE BAE!!!
UgyUT3YjPBUQOWytVKh4AaABAg,Bae deep voice giving me mommy vibes...something i thought i would never get from the rat.
UgwLVRq5DiUeqy-0i1Z4AaABAg,Mom pick me up Im scared
UgyeshedIlGVfG_eLux4AaABAg,Damn. Someone took quite a bite out of her ear.
UgzzQ0q6vLV15ReWeLJ4AaABAg,"why do i get a feeling of ""HURRY HURRY HURRY"" vibe. incase you don't know it's from Hellsing.
oh and GOKAKU! ğŸ‘ğŸ‘"
UgyXTbhjJAhyDI9BJbJ4AaABAg,Daym ğŸ”¥ ğŸ”¥ ğŸ”¥
UgzRtBrlTQhrMYbOViB4AaABAg,... WHY AM I SO DOWN BAD?!?!?!?
Ugx0CSr9ycOgOhpX8xl4AaABAg,Bae with the Range. Cool cover. Cool jacket & demon eyes
UgwFNj1rJ896HbZHPuV4AaABAg,"The fact that this cover is only 2 minutes long is a criminal, really wish to hear Bae in a deep voice more. Good song Bae!â¤ï¸ğŸ‰"
UgzPpvwb76n6IMJyRTJ4AaABAg,Mommyyyyyyyy
UgwvXWFDNKo29Xj9lsV4AaABAg,"Not the Strange I expected, but still very cool! Great performance, Bae! Your voice is awesome."
Ugx2tnXgdZdH46eOMI14AaABAg,"I'm speechless, I'm so very much in awe! What gorgeous range!"
Ugz4BGV8LAUsijkj_hR4AaABAg,"Gotdamn Bae, WTF. I feel like you have amazing dance choreography for this."
UgwhgVkk8LyIZM1I7VR4AaABAg,"Ravenous, destructive, enthralling. PRAISE BE, THE HOLY ONE ECHOS HER SWEET, DEVINE VOICE OF CARNAGE WITH EVERY WORD! MAY ALL WHO WORSHIP CHAOS REJOICE!!"
Ugzcs2STYnuPNW846zl4AaABAg,This makes me want a BaexTowa song callab even more. Well sung Bae.
UgztHIG4JvobETYOJ3h4AaABAg,Your deep voice like risu
UgxA-NzKv5cyKlFLkJR4AaABAg,mom why the mouse are laughing?@
Ugxndg9pMvQ3FNUIvyR4AaABAg,Bae's Teef hehe
Ugyk6JSmCvC_x6q4iy94AaABAg,"My God, Bae is really suitable for this kind of cool bass songs! The laughter at the end gives me goose bumps!I really like Bae's cover singing! I've started looping."
Ugy__xdeRvVl2IWqpbp4AaABAg,â€¦bro I think someone threw Bae into the warp or something. Song rocks but I am terrified of her going full Chaotic Evil on us when she finally breaks containment.
UgzFXBzBgpEeK1J7C_N4AaABAg,ğŸ‘Nice!
UgxQNeeF3Xq3LnJDpiF4AaABAg,This is truly amazing
UgzohEMkFH8Tb_o19AV4AaABAg,"I can't help but think of Bae leaning over a microphone trying to put on her best ""sexy voice"". It's too funny"
UgxFRaoxsAbLz1YlOM14AaABAg,Need moar deep Bae
Ugzu-1nV6xhqHtsFNsl4AaABAg,Bae's deep sing voice plus the whispery harmony plus the rap plus that absolutely nuts ending!??! Just straight fire ğŸ”¥ğŸ”¥ğŸ”¥
UgyAihfAx8CB68LjRbN4AaABAg,I feel like I've been transported back to 2014 when Tokyo Ghoul first came out and dropped that sick edgy ass intro
UgyQ-nPuCm_ET7q4RH14AaABAg,ãƒ™ãƒ¼ã¡ã‚ƒã‚“ã‚«ãƒƒã‚³ã„ã„
Ugy-UbO8JY3cOlw5ZWN4AaABAg,"Those teeth would be scary, especially with Bae's deep voice, if I didn't know she was a sweetheart and a chicken deep down. <3"
Ugyc7QZeRzSjFDeew7B4AaABAg,ãƒã‚³å¤ªéƒã®å¯æ„›ã‹ã£ãŸã‚Šã€ç¾ã—ã„å£°ã‚‚å¤§å¥½ãã ã‘ã©ã€ã“ã®è¶…ã‹ã£ã“ã„ã„æ­Œå£°ã‚‚å¤§å¥½ãã§ã™ï¼ï¼ï¼
UgxSt2j2Ailw8a4GKmF4AaABAg,Bae kowai
Ugztre1kr8fokXPebhp4AaABAg,"ë•ƒì¥ëˆˆë‚˜..!!
Rat nuna...!!"
Ugz1XjZx0ntoLRcQqVV4AaABAg,This cover was absolutely AMAZING 
UgzhDx-mNNZ6dfeI6Yh4AaABAg,Chaos...
UgzT0sX4ARy84yUM1ql4AaABAg,ã»ã‚“ã¨ã«ENã£ã¦ã“ã¨å¿˜ã‚Œã‚‹ãƒ¬ãƒ™ãƒ«ã§æ—¥æœ¬èªã†ã¾ã™ãã‚‹.....
UgzT0sX4ARy84yUM1ql4AaABAg.9hW83zj5b_49hWmjEDevej,åˆ†ã‹ã‚‹
UgzKPEZh_itcV64vL7p4AaABAg,"Whenever she sings the part ""urusai na.."" I get brain tingles. Girl has some damn good control over her vocals. Fantastic work here Bae."
Ugw8muIUkObbNx1yIah4AaABAg,"<.< not to sound ungrateful...
are en vtubers not allowed to perform English songs?
is it a preference on their part or is that cover's decision?"
Ugw8muIUkObbNx1yIah4AaABAg.9hW80KkGkT19hXFA5RUpW9,"things mainly 1st they work for a japanese company under Japanese copyright law so it tends to be easier to get Japanese  songs, 2nd preference can be a big thing especially as we are still early on in the generations as most talents were fans beforehand leading to an appreciation of alot of Japanese songs"
Ugxi-iXhcViqGpKtm2N4AaABAg,"Love the song and visuals. So fitting as well for Chaos that the English subtitles are in Japanese.
Edit - The subtitles have been fixed. Still love the song the next day."
UgzrAJCYY27dKA_OL4V4AaABAg,"Bae afraid of horror, releases a horror banger"
UgzufSIlyAexCHB_JYZ4AaABAg,That was 2 minutesâ€¦ we live in a society where music is as long as a ringtone! Give me my 8 minutes of music!!!
UgyATiH0oglSIJ354TJ4AaABAg,OMG I LOOOOVE THIS! The beat and the energy of that vocals is really captivating ğŸ˜ğŸ¥µ
UgwlESHim-_PJe3n4ox4AaABAg,"wooooooooo. 

Damn."
Ugw-zVx7CHY-an4mm_p4AaABAg,I have no idea what sheâ€™s saying but bÃ¦ looks mentally challenged (insane)
Ugwsul9HXo8VgmaTOBV4AaABAg,That was cool.
Ugx0mB8MCbWFUsGQve94AaABAg,I see Bae went full chaos mode for this. I like it.
UgxWTujvUhrLcnCajc54AaABAg,"Remember, no matter how dominant she look in this MV, she still a shorty"
Ugx5RvYj_EbpoXJVwNZ4AaABAg,"Having sweet nightmares from this
I'm die. Thank you forevah"
Ugxd8MDsNs3u1QglnUF4AaABAg,Bae/Lui fucked up mv collab when
Ugzkxe04Nu5JEw7tMoF4AaABAg,Ok immediately added this banger to my playlist. Amazing cover Bae!
UgyIqMRV4QlMOAB5TI94AaABAg,ğŸ‘
UgyWR7BRGS4dTJmBLAx4AaABAg,Finally she stays true to her lore
UgwYFp_Trde7HZ9aqmF4AaABAg,Please upload youtube music!!!!
Ugxu_In0rdfDze5fYSJ4AaABAg,Bae!
Ugxlp7dsgao8RAjFc5l4AaABAg,æ—¥æœ¬äººã‹ã¨å‹˜é•ã„ã™ã‚‹ãƒ¬ãƒ™ãƒ«ã®ä¸Šæ‰‹ã•
UgxW9ggNW8wHctEnZMN4AaABAg,Ooooooooh lovely music and very spooky thumbnail
UgxAQxy85aOGqREDled4AaABAg,I usually like listening to vocaloid songs just because the sound of the singers ain't for me but man do they make some banger songs
UgwD-PliOp5HH5LcFh14AaABAg,"Complete bangeeeeeer, always shivers with Bae's low vocals "
UgyM-UiOew4BaB0m3-d4AaABAg,Amazing cover bae thanks such an amazing singing voice you have :D
UgwKzFY5_WeWE1krNCV4AaABAg,"This is legit one of my favorite songs, and your cover just became my favorite version of it! Thanks so much Bae!"
UgxoetIGwV6RDQAL_Et4AaABAg,damn this is insane. The production is incredible and the vocals are so good
UgzydsjShq2RCwo806J4AaABAg,Someone tells the editor that the English sub is still the Jp sub
UgwiZS-K5Qh5ORgpK6F4AaABAg,That voice oh mamacita
Ugx_mtnGitC2p2RkHAp4AaABAg,bang
UgyPGTAWEoykD_7J92F4AaABAg,"This is amazing! I love how deep Bae's voice goes here, she has such a broad vocal range. "
Ugxg7SAolxWyzxm_5ml4AaABAg,Another amazing cover 
UgwLIBis0fAae4qnKU54AaABAg,Just in case one needed a reminder that the lowest voice in council is actually Bae.
Ugy0353SBcZ6Vj24eMd4AaABAg,Turn on auto translate....
UgxiCwYLYJK5SDQ5RxZ4AaABAg,Cool Bae!!
Ugx1AoKQmrnISGvXGox4AaABAg,Wow.  Didn't expect how good this would be.  Great job
Ugx6qvUZ8tpDQ16xusB4AaABAg,she went monke on the very last part
UgzKY2Uu1Mg6u1dvBX54AaABAg,"voz profunda, me encanta !!"
UgxKmyz4MRsKdceBbdN4AaABAg,it's funğŸ”¥â¤â¤â¤ğŸ‘ğŸ‘ğŸ‘
UgwbBuyfWPyXStvNy0d4AaABAg,"I love the way she says ""urusai na""!! Thankyou Bae for blessing us with this coverğŸ˜­ğŸ™ğŸ™ğŸ™"
UgxdGhIvXDZIn0NXxj54AaABAg,"Wow i expect nothing less from rat, great cover. (Now, what is happening with the CC?)"
UgyfkGIRME5y6TH7Du94AaABAg,Whelp. Guess she took offense to everyone thinking Mumei was true Chaos and released some of her true self.
UgzqKVoRcsP9sGgvu394AaABAg,"Bae just put out another banger of a song, and it's a perfect fit for the season"
Ugz8XL0WOyqmf6GYGYV4AaABAg,a lil but sus
UgyPB_kiOJ9T8ijDRep4AaABAg,This. Is. ğŸ”¥. ğŸ’¥ğŸ’¥ğŸ’¥ğŸ’¥ğŸ’¥ğŸ’¥ğŸ’¥ğŸ’¥ğŸ’¥ğŸ’¥ğŸ’¥ğŸ’¥ğŸ’¥ğŸ’¥
UgzL8rWSOGC_pkFoedh4AaABAg,Time to put this on loop for the next month+
Ugx6YpTJjB84cXfvQF54AaABAg,Well thats strange... how come i can't stop listening to this :]? Guess this is tge power of a banger cover and song :]
UgwYYF6zHXT6QBhOcH94AaABAg,Awesome song Miss Chaotic Rat
Ugzl9RcPs7UbinBEiQd4AaABAg,this is the bae that can handle horror games ?
Ugz4EULzvhdxp8rsjZB4AaABAg,"Overdrive but chaotic Bae version
iz nice"
UgwzCQ89mbJQorcU8Hp4AaABAg,"Holy this slaps, what a cover"
UgygdfZwtMNlP9G6Gv54AaABAg,balls been putting out some bangers recently bless
UgxgFmTaBLghvBRo3yF4AaABAg,Epic song
UgxzifctXHafJfvdKj54AaABAg,"Subtitles: English
3 words of English Subtitles :(
Good song though"
UgxvfH78Q6yVWm5SH2N4AaABAg,This song truly proves how wide bae's vocal range is. From this song to the tea kettle laughs there's like 100 keys in between. Well done bae!
UgzHRQcBptV7LpSryv94AaABAg,the English subtitles are Japanese ;-;
Ugwf2k3S9lH9Jy76Ojp4AaABAg,Chaos in her truest form....and that deep voice ğŸ˜³
Ugy5q8VGfX6QE_7GKxd4AaABAg,"If possible, the CC for English is in Japanese."
Ugzb8BM1rrYuuiiGip94AaABAg,ì™€! í˜¼ëˆì˜ ë•ƒì¥!
UgwrUdl6v83KHEa2Df54AaABAg,Bae is her own multiverse. And I'm HERE FOR IT.
UgzD6rbzSGJbDMBkxB94AaABAg,Mommy?
Ugy1SRfo3Hsd0FJep7R4AaABAg,Super fuckin' sick
UgyaqjDK-8DZ4a0HhhB4AaABAg,scary hakotaro
Ugyep9MO2IjvmEWNki14AaABAg,based
UgzEAjTLpAZNFdWNx114AaABAg,Bae Lore Accurate momment
UgxZ4QEsxp0q8dRNcWx4AaABAg,*CHAOS*
UgzK0ay6QsPy5KIksgp4AaABAg,ğŸ¥¶ğŸ¥¶ğŸ¥¶ğŸ¥¶ğŸ¥¶ğŸ˜±ğŸ˜±ğŸ˜±ğŸ˜±ğŸ˜±ğŸ˜±ğŸ’€ğŸ’€ğŸ’€ğŸ’€ğŸ’€
UgzA6FA7OWkDDgznOoJ4AaABAg,Bae when: PLAGUE TIME!
UgxoWqLCDBQS0mGDGuR4AaABAg,I didn't know bae could rap amazingly in especially in japanese
UgxoWqLCDBQS0mGDGuR4AaABAg.9hW4xxTZI1c9hW91Kc1juP,"Ever heard Bae's original, ""Play Dice""?"
UgxMipaGuJlxkumELC14AaABAg,bae bae
Ugz0wJYcMv22AGNor9Z4AaABAg,ã‚ã£ã¡ã‚ƒã‹ã£ã“ã‚ˆã‹ã£ãŸğŸ˜­ğŸ˜­ç¥éããªæ›²æ­Œã£ã¦ãã‚Œã¦ã‚ã‚ŠãŒã¨ã†ï¼ã„ã£ã±ã„è´ãã¾ã™ï¼ä¸€æ—¥ãƒ«ãƒ¼ãƒ—ã˜ã‚ƒã‚“
Ugzywbc5AWMKmNic_Cp4AaABAg,God damn bae deep voice is too dangerousğŸ˜³
UgwWTJdj25B93YDiBQd4AaABAg,Five Nights At Baelz!
UgzPUfFvXtHQRBbJF5h4AaABAg,"This goes hard, def putting it on 100% in my car â¤ ğŸ€"
UgyQt9vuQHgMEKqslfJ4AaABAg,ãƒ€ãƒ¼ã‚¯ãªãƒã‚ºãƒŸã ã§ï¼
UgzCiVyRqz7PW18D5fF4AaABAg,Bae is even more sexy in this form
Ugxgk0H5TjldROyN28J4AaABAg,ğŸ™ğŸ€â¤ï¸
UgxOTpKLiOHzykNeARF4AaABAg,"What a strange cover~

Hehe"
Ugw495u-3fX1BweUfN94AaABAg,Bae.... this voice. Incredible. The craziness of the song is awesome as well.
Ugz8CbhvpYRuIEQYXZZ4AaABAg,IRYS:OMG
UgyZATdhuL2kFlDs9v54AaABAg,ğŸ”¥ğŸ”¥ğŸ”¥ğŸ”¥ğŸ”¥
UgyILtTYf9qIlqkOixl4AaABAg,"the cover is so good but the ""ã†ã‚‹ã•ã„ãª"" is so fucking hottttğŸ˜­â¤ï¸"
UgxhRMRVLas0ljgc2oh4AaABAg,"Man, this is a banger 
Love your own twist with it, it's an excellent cover! 
From the vocals to the MV, everything was well-done! Loved it!"
UgxG2_nzdhlXfcn12sR4AaABAg,"Dang this was Awesome another insta-banger if you ask me, love the deep voice and theme!! "
Ugz0YokXz1AJh0Q_w_F4AaABAg,"Perfect banger for the spoopy season
Big props to the people who worked on the MV - every detail of the audio and visuals were SO enticingly ominous"
UgzReqZ5X4b5TjJMzLB4AaABAg,Amazing work Bae
UgxY2ITl6QR2EXnoNot4AaABAg,ISSA BANGER!
UgyNTOFWHIwDkiMdNHF4AaABAg,"this is great, sends chills down my spine"
UgwXAvI_Q0CbtwcaUHl4AaABAg,"wtf, actually good"
UgzhhzQJJtFvYLvcXFZ4AaABAg,I'm in love with Bae's deep voice.
Ugyb-7s1niHYaQuIa_p4AaABAg,* ` Ï‰ ` * ) //
UgxAlIux0sFpz745TOB4AaABAg,"oh my god i can hardly tell it's bae, your low voice is AWESOME"
Ugw5_nHf5EihZxgyhsp4AaABAg,another level of Baelz
Ugwt8Rgam0g97lnVQwF4AaABAg,"ã„ã„ã­ï¼ 
Fantastic cover Bae! ğŸ”¥ğŸ˜ğŸ‘"
UgwkVbSvzxxkJLDEBPh4AaABAg,little bae grew up so fast
UgzcYbMEgrfFHRjymHB4AaABAg,ã¹ãƒ¼ã¡ã‚ƒã‚“ã®æ­Œãƒã‚¸ã§å¥½ã
UgxYKokehUhlwuCyAJR4AaABAg,It's so amazingğŸ”¥
UgxmADUjiqZFsYLtJlB4AaABAg,"Tbh this was highly disappointed â€¦. Just saying what others wonâ€™t â€¦ yes I watch her streams , very good attempt tho. Maybe less bass more actual lyricsâ€¦ you know that make sense"
Ugym0K7CSzeTPRH2BPd4AaABAg,"the voiceee maaan wow never ceases to amaze mee â¤

thank you for amazing cover bae 
good job â€¼ï¸"
UgwiWnh-vW40kqPcnJF4AaABAg,CUTE RAT
Ugw_gwIzoLGQyg0spnt4AaABAg,THE RANGE OF THIS RAT ğŸ˜©ğŸ˜«
UgzT00q_1-5-_FHihul4AaABAg,"Efectivamente, esto es cine ğŸš¬ğŸš¬"
Ugztei_Airr5IyxqwtV4AaABAg,Wow.
Ugx-FVKO6AH6-K56xBR4AaABAg,Music to my earsâ¤ï¸
UgyjxVHAEg8OZJaNq-p4AaABAg,:0
UgwSmWCNIAOYlZxnFdZ4AaABAg,NGL felt shivers during the last seconds with all the laughing and distorted music.
UgzIahnFlQ2xEdEjvFh4AaABAg,This was amazing thank you and I love your deep voice absolutely fire! ğŸ”¥
Ugwi8nHMgzJSPhVcfSN4AaABAg,"No esperaba que alguien de hololive hiciera un cover de esta canciÃ³n...



NICE!!!"
UgxJZzsKrnUw0kVKR3V4AaABAg,Nothing strange here just Bae in her base form blessing my ears
UgwLNPjZwkHjKmW9YcV4AaABAg,"This song easily an earworm, love it!"
UgxZ_4G0LUc-AGUzj8B4AaABAg,èããŸã³ã«ã‚ã¡ã‚ƒãƒ‰ã‚­ãƒ‰ã‚­ã—ã¡ã‚ƒã†
UgwhyjuUq8dlWdFA2l14AaABAg,"Absolutely amazing, love deep voice bae as I belive everyone does, and deep voice Japanese bae aswell. Really well done, we all love our chaotic rat"
UgzpQ8m8W-yg7xHL6794AaABAg,"Woah Bae, just W O A H"
UgwGw-6iW214YEd4VSV4AaABAg,Chaotic
UgzV35WXRJxnLTAwOeN4AaABAg,"Well, time to put this on loop for hours while absolutely blasting my ears because it's just that good."
UgxRu0f2k4_rjgo6Dgp4AaABAg,ANOTHER CERTIFIED BANGER â¤â¤
Ugw84JiD1PjvNWg4w7V4AaABAg,ãƒ™ãƒ¼ã¡ã‚ƒã‚“ã®ã€Œã†ã‚‹ã•ã„ãªã€ã®æ™‚ã®å£°ã‚«ãƒƒã‚³ã‚ˆã™ã!!æ—¥æœ¬èªã‚‚æœ¬å½“ã«ä¸Šæ‰‹ã§ãƒ“ãƒƒã‚¯ãƒªã—ãŸï¼
UgwONe5qjEi83tgLsu54AaABAg,I love this song <3
UgwxsxgYovGu8qgSr894AaABAg,Amo la voz de Bae
UgzQO7VIrTawpVgrz2F4AaABAg,ğŸ”¥
UgyufQfc_KWl2zQSyFV4AaABAg,"ara ara voice, nice"
UgwBd6ilXwlpwzFafCN4AaABAg,This is making me feel things I never thought I have
UgwQ5sBqmDWqLfqSjxt4AaABAg,Goddamn that was amazing I NEED MORE 
Ugw-1rNfh24z8Xgpbvp4AaABAg,I DIED  POGGERS
Ugyx1pfYisxQNj_t6wp4AaABAg,yes
UgzkT3PLCuWI2D-ERLF4AaABAg,God voice
UgxI8NSFenW5Jl9XCst4AaABAg,Bae burn this world just using this cover.
UgztbMs4vwRNWi6tQMZ4AaABAg,ã‹ã£ã“ã„ã„Bae!
UgzXWIR9-bYgY2cXhpd4AaABAg,"Nice cover. well done.

There is an error with the english subtitles. They are the same as the japanese subtitles."
Ugyh8B-7TGnGQ9l3NPJ4AaABAg,Bae using her deep voice is like Rock Lee taking off his training weights. Great work!
Ugyh8B-7TGnGQ9l3NPJ4AaABAg.9hW3OpzTYGn9hYHwjswp0H,@Akaryusan it would be amazing
Ugyh8B-7TGnGQ9l3NPJ4AaABAg.9hW3OpzTYGn9hYGulANl0E,@Grego Val i pray someone in hololive covers some of their songs
Ugyh8B-7TGnGQ9l3NPJ4AaABAg.9hW3OpzTYGn9hYB4vzSalm,"It's honestly a cheat code, it's so good."
Ugyh8B-7TGnGQ9l3NPJ4AaABAg.9hW3OpzTYGn9hXL5YEcIVk,You should hear some arrangement of stacks or æšrecords (Akatsuki records)
Ugyh8B-7TGnGQ9l3NPJ4AaABAg.9hW3OpzTYGn9hX0dCrIrqb,Bruh
Ugyh8B-7TGnGQ9l3NPJ4AaABAg.9hW3OpzTYGn9hWNrWcQ8la,Perfectly phrased.
Ugyh8B-7TGnGQ9l3NPJ4AaABAg.9hW3OpzTYGn9hWC_tkWQvY,"More like Madara obliterating everyone on the 4th war after his resurrection, but I agree with the Lee reference too."
Ugyh8B-7TGnGQ9l3NPJ4AaABAg.9hW3OpzTYGn9hW7TmbNCvc,Could honestly use this as the OST in the background of him speed blitzing around Gara and it would still fit
Ugy4Cibp7NQTrOYDtCF4AaABAg,"Oh yeah, I forgot we are in October."
UgysNRZXrzlXhUWBnpp4AaABAg,"She looks like something out of the mind of Alice Cooperâ€¦ I love it. Thank you, Bae for this amazing cover. "
Ugwi0FbhjEfXeepcg314AaABAg,"Description says 'she's just a little bit strange...'
But I see nothing strange here, just a banger.
â¤â€ğŸ”¥"
UgwVX2QpdR9Ax24q19l4AaABAg,So the english subs seem to be Japanese for some reason.
UgxSd5xq-osazEXTAg54AaABAg,"Bae's vocal performance is terrific.  FYI: At the moment, the English subtitles are Japanese subtitles."
UgxSd5xq-osazEXTAg54AaABAg.9hW3ImLebmR9hW4V0Cm1g2,glad to know it's not just me
UgypK9UCdPOwsJodQ7p4AaABAg,I like the dark aesthetic of it all. MV and the song itself. Nice job! 
Ugw6atpWc7OXsaMhv5R4AaABAg,Bae living up to her name.
Ugy-1q9zIykGOMJ6oFN4AaABAg,I don't know what's making me vibe more with this song the fact that we have a very very cool looking chaotic version of Bae or the fact that she's dropping beats along with a very good Japanese sort of tone within the song.  This song is so good in terms of a cover and again I love the imagery of a crazy looking Bae which makes sense because she is the embodiment of chaos.  The song of course definitely fits the mood of it and all and all another fantastic cover Bae!
UgwzMA5HRTyv4gHZdLd4AaABAg,Daaaaaaaaaammmmnnnn baaeeee ğŸ˜³ğŸ˜³ğŸ˜³ğŸ˜³ğŸ˜³ğŸ˜³ğŸ˜³ğŸ˜³ğŸ˜³ğŸ˜³ğŸ˜³ğŸ˜³ğŸ˜³â¤â¤â¤â¤â¤â¤â¤â¤
UgxI2o2VUebCAIksYh54AaABAg,"I-- yes, maam. ğŸ”¥"
UgyEgy9lfYaN4GeJymB4AaABAg,NAHH THIS IS GOOD BRO
UgwSLZPsTPJ5lXtTSzJ4AaABAg,Hello? Baelz.exe confirmed?
UgwuX1Xn2LvhgqzINEx4AaABAg,ğŸ¥°ğŸ¥°ğŸ¥°ğŸ¥°ğŸ¥°ğŸ¥°ğŸ¥°ğŸ¥°ğŸ¥°ğŸ¥°ğŸ¥°ğŸ¥°ğŸ¥°ğŸ¥°ğŸ¥°ğŸ¥°
Ugz4GK8jH5ATclHmhqd4AaABAg,"That was seriously amazing. I can never get enough of Bae's voice, and on top of singing incredibly well she captured the song's feeling of derangement perfectly with her delivery. Her performance at the ending along with the masterful editing for the MV gave me chills. This rat is insanely talented and hard working, and I admire her so much for it. She's truly an idol "
UgxqEH93PIfv7ZQfAtJ4AaABAg,"I'm conflicted. On the one hand, I'm absolutely mesmerized by Bae's vocals. On the other hand, Â¿?'s production style and the visuals instill equal parts curiosity and fear in me. Which leaves me paralyzed in the space between by this hauntingly good banger, unable to turn away.

Strange."
UgxtYuTZUhBwD6FfOsh4AaABAg,"The aggressive, growling vocals Bae puts into songs such as this are so damn sexy."
Ugz8iQuVIy_FlFm-WeB4AaABAg,"Ara Ara Bae voice is...well as Kiwawa would say, ""Ok but, This is just Divine, Exquisite!!!"""
UgyaJocXozxZRO0YBDV4AaABAg,I hope the class enjoyed the general assembly! I know I did! 
Ugwy4QlkueJN05Bzq2R4AaABAg,"Regardless of how many times Bae showcases just how great her vocal range is, it never ceases to amaze me just how impressive her vocal control really is"
Ugy48p9Tru1WWUPDjaF4AaABAg,Was that laugh at the end Yabairys?
UgyQud9oxuMCLsMi3-l4AaABAg,What is this Korean styled song
UgxeOiBKwPDOBACn5xV4AaABAg,from RAT god to RAP god!
UgzGzJdvt5HcxrxCCrN4AaABAg,"I didn't know this side of you... and...  I t-think I like it,  A LOT"
UgwOwZqfoE07fkYkhgx4AaABAg,Can we just get Horror Bae as an actual outfit please!
UgzwX-o6X4OJjHm84At4AaABAg,Strange!
UgxzEfdXVqwuP2XHwax4AaABAg,"Wow I didn't know this cover was coming out, this was really well done and I love your take on the song and MV!"
UgwN8i2k6oGaYZrtQWh4AaABAg,"nice cover, bae."
Ugx3ugEoDXMW4GNtRW54AaABAg,OH SHOOT WHAT LETS GOOOOOO
Ugz1L9LKkAg3ODF6Yyh4AaABAg,Short and sweet and the rat drawings in the backgrounds are really cool.
UgzCUxl7HJwzbR3P1Zp4AaABAg,So creepy and cool wowow Bae you are so talented â¤ï¸â¤ï¸â¤ï¸
Ugz2Qkxohuc5fyFnx4F4AaABAg,Godly cover. I feel every facet of this song was done amazingly.
UgyX7MxW7j5H9g-Oj4V4AaABAg,ã‚«ãƒƒã‚³ã„ã„ï¼ï¼ï¼
UgyAQHb0ACY1iewqwah4AaABAg,Where's en cap
UgwfFHYr5NIUvME36WN4AaABAg,"This did not fall short on being scary. And I appreciate that. It was difficult to look at at some points. Good job Bae, and the artist and video editor. â¤"
UgxSAqdWXXmQ4lUnkUx4AaABAg,Didnt know bae was packing heat like this
UgyBZhBoLlfKgYpUtIt4AaABAg,"Loved your deep voice with the backing whispers! 
Literally can't help but to bop my head along  "
UgxTDjL2KIVlTlKjOMp4AaABAg,"That was so good bae, i really like how many different takes on music styles you did  over the year, thanks for spoiling us so much recently and i cant wait for what you got on store "
UgyDRnuz9WqrcqwIzcJ4AaABAg,Woah. I love this cover so much. such a Banger ğŸ”¥â¤ï¸ğŸ”¥
UgwPVKVk6ZbokS345yV4AaABAg,"Man, that expression from the illustrations makes Bae look like she went full chaotic mode."
Ugzc-81OWHIACfHgoIt4AaABAg,â™¥ï¸
UgzeB2p1p-kPjfHlY4R4AaABAg,æ—¥æœ¬èªãŒã‚ã¡ã‚ƒãã¡ã‚ƒä¸Šæ‰‹ãã¦æ­Œã„æ–¹ã‚‚æã‚ã—ãã¦æƒ³åƒã®1æšä¸Šã ã£ãŸ...
UgzeB2p1p-kPjfHlY4R4AaABAg.9hW2hAhXxSy9hWcLfsFxlK,@The ã‚³ãƒ©ãƒ ãƒãƒƒãƒˆch ã‚ãªãŸã®ãƒãƒ£ãƒ³ãƒãƒ«ã‚‚è¦‹ã¾ã›ã¦è²°ã£ã¦ã¾ã™(â— âŒ„ â—œ)
UgzeB2p1p-kPjfHlY4R4AaABAg.9hW2hAhXxSy9hWGcrWtsjK,@muffin åˆ‡ã‚ŠæŠœãã§ã‚‚ã„ãŸäººã ã‚¡ï¼ï¼
UgzeB2p1p-kPjfHlY4R4AaABAg.9hW2hAhXxSy9hWEUn0Ckao,ã‚ã‹ã‚Šã¾ã™...
UgzeB2p1p-kPjfHlY4R4AaABAg.9hW2hAhXxSy9hW6oafSG9f,Australian skills
UgwQucWHaUUM_oV8ryR4AaABAg,Bae proves her real chaos identity
UgzzeGL8dfrjSw7earR4AaABAg,Listening the song after watching 5 year old Bae's stream
UgwIJK3M73MDM_vxoaR4AaABAg,"hardest I've ever unironically did a stank face in awhile lmao, love this!"
Ugw0qHqlHaPh7vcZH3t4AaABAg,"Damn, strange bae kinda banging"
Ugyp0hrpDYMYpFpGgqV4AaABAg,ayo rat got bars
UgxxONj3MyRxek42YVd4AaABAg,live and die for chaos 
Ugz9OmTr1z1aSE26vAR4AaABAg,Fantastic. I'm hooked on this.
Ugx4vG_KZz9p_EfJOTR4AaABAg,2 minutes of CHAOTIC BANGER!
UgwnPI_bs_ZNkoRE3j54AaABAg,This song really catches bae's chaos really well and the rap part was really good! congrats bae on the cover and see you on fall guys collab
UgwzGep5F_pDSRURj1R4AaABAg,"It is as if my brain was electrically destroyedğŸ§ 

I like this darkness..."
UgyRowpAU4gmXnsVdBF4AaABAg,Way ta go !!! 
UgyajGtRU3Ax2GhyYvh4AaABAg,It was so good I wished it was a little longer but its a cover either way it was straight fire currently all of base covers are in my playlist lol â¤â¤â¤
UgzAXE1jBZJc7GgvTaR4AaABAg,I love this!
Ugyb2LIR7ghY9szt1Np4AaABAg,"I'll admit I'm not the biggest fan of the trap bits at the start and end but the vocals are fantastic and the MV is well done. Good work, Bae!"
Ugyb2LIR7ghY9szt1Np4AaABAg.9hW2XNuTgpC9hW2gjvMEjh,"Honestly kinda reminds me of stuff Callis done 
So I'm just gonna assume this is JP rap"
UgzoLPxgE8fG7R7bejJ4AaABAg,That was amazing 
Ugz-_ZbsBti7olhZpKh4AaABAg,"Finally, Chaos Baelz."
UgyQdx5BItiNSN7hpcJ4AaABAg,This was amazing!!!
UgxCac3CeFXjfEGDRGt4AaABAg,ğŸ”¥ğŸ”¥ğŸ”¥
Ugw7yGYEI-QBNnIg_MB4AaABAg,"Bruh, that was insane. I'd never heard the song before, so I didn't know what to expect, but it was straight ğŸ”¥
It was always a treat to hear deep voice Bae in the mornings, but now we have an entire song of it, and I love it. 
"
UgzLSGMaeyLyZg1F_yl4AaABAg,So this is what happens when someone unlocks baes lock her full chaos is unleashed
UgwB-7lLzqkKrske_wt4AaABAg,Best assembly ever 
UgxpoHb1fiMJPPIqGxx4AaABAg,That was amazing Bae!
UgxnQWHoXkVn_4LGJUV4AaABAg,That was one crazy hell of a cover just as expected from our rat of chaos! This is going straight to my playlist it was so good love you bae! â¤â¤â¤â¤â¤â¤
UgzQx4Iw568g-K40eDd4AaABAg,"This cover is absolutely fire. What a banger this hits with, Bae. Absolutely stellar work, best rat!"
UgxLmT5IysStVYqqnZh4AaABAg,So good ğŸ˜ğŸ˜
Ugxa3oFwS9tAIhkIu0F4AaABAg,you did amazingly on this one bae... your true chaotic form indeed
Ugzss7DXU4FZMtOta7d4AaABAg,You know... Is low-key hilarious that before the premier we had a stream of baby Bae... Would this count for our psychological horror moment of the season?
Ugzss7DXU4FZMtOta7d4AaABAg.9hW2PpK6Ts99hXdoz3OWXL,@Tony Bomboozled touchÃ©...
Ugzss7DXU4FZMtOta7d4AaABAg.9hW2PpK6Ts99hWBeutpbXm,@Tony Bomboozled fr
Ugzss7DXU4FZMtOta7d4AaABAg.9hW2PpK6Ts99hW9ni6gxa2,Seeing that five-year-old Bae had tig ol' bitties did far more psychological damage to me. 
UgwxEhzUCN0WCNUTZnJ4AaABAg,"Both the ""English"" and Japanese subs are in Japanese, which strangely works even if not intentional"
UgxdpWuuOsPzdmgyHmJ4AaABAg,*dying fangirl noise*
UgxOHGPpdOYFOpYOvuZ4AaABAg,"That gave me some goosebumps, the low voice was amazing, and the laughs at the end made it feel more creepy and fit so well with the song!!! "
Ugzu0FaDwxFaj8VMFqR4AaABAg,Just gonna go listen to this on repeat for a while 
UgxvniHo5gsBRAf-skt4AaABAg,"This cover is a banger to listen!
Also i love Bae's deep voice"
UgxEVeZ751cycXi9NGR4AaABAg,Smooth vocals and a great release for October!
UgyHXmFAwqAG_f8gqtt4AaABAg,Very cool cover Bae!    
UgzWaiW4mWIQOFZLHoh4AaABAg,
Ugz0aaZ5hzTDl0JMuX14AaABAg,"WOOOOO
btw the EN subs are still japanese"
UgwQjdX-wWorHQpebWV4AaABAg,"Something about the laugh in the end sends chills down my spine, that is the laugh of a truly chaotic being. Fire cover Bae!"
Ugwl0WSgkNZMbbnuoBF4AaABAg,ã¹ãƒ¼ã¡ã‚ƒã‚“ã®æ­Œå£°ã»ã‚“ã¨æœ€é«˜ï¼æ„›ã—ã¦ã‚‹ï¼ï¼
Ugwa5UB3kziSiaqE2ct4AaABAg,"Deep voiced Bae just hits different, manâ€¦Needless to say, another fantastic cover. That unhinged maniacal laughter at the end gave me chills."
UgzGRG8OQ5TRkAz6oI94AaABAg,YO THIS GOES SO HARD I LOVE IT
UgzHwPrchZ-hL43Ijil4AaABAg,"Aww that was over to quick.  Really enjoyed that,  great job ğŸ‘"
UgxpgZbER4rlpfFkUpp4AaABAg,That went hard af
UgxOwu1Ci4yI0L8CR8p4AaABAg,so this is what god looks like ğŸ™‚
Ugy1oZq1fFctzKhpLw14AaABAg,SHEEEEEEEEEEEEEEESH
UgzZJCEpTXc_S60b2Kl4AaABAg,Definitely Head Banging to this songğŸ”¥ğŸ”¥ğŸ”¥
UgxRYB46MXqHS18L5094AaABAg,:O
UgxHv-rOPqZ9m1T3tpl4AaABAg,"Very spoopy and chaotic!
Fitting the spoopy month and chaotic RatLord vibes~ ^w^ b"
Ugz100oYooRbZnnnBI14AaABAg,
UgzeaucQQK_x5dqurIR4AaABAg,"God damn, BAE! Very good!"
Ugzb5VpMrC2QdZrus2l4AaABAg,"Great Job on the cover Bae!

"
UgzVokPae_Ir9Sy4CWp4AaABAg,"That voice range tho.

Good lord."
UgzKfJbZHnYEhmo8xPh4AaABAg,teehee
UgwuX8P5AQ_gyI84m0B4AaABAg,So many covers recently! This one is very unique. Properly chaotic.
Ugzkyb67gRhikAAZckV4AaABAg,Yo?! Banger alert!
UgzogRTaSaLThRV0Eyx4AaABAg,URASAI 
Ugy5-bZlCHK5dSgzvP14AaABAg,"Holy... That was so amazing! â¤
I love this dark and cool aesthetic! Thank you Bae!"
UgwFLtNSjovHImscBIB4AaABAg,THAT SONG WAS SO GOOOOOOOOD
UgwpfMM438VFzdDnddZ4AaABAg,Always amazed by how low she can go
UgwBBIX7Shytn8Y1WP94AaABAg,That is.. amazing.
UgwOJcfuHsF342NLPx14AaABAg,Wow this is amazing!
UgyhA7_d2bRNMfYW1X14AaABAg,Calli has been quiet ever since this dropped...
Ugw_K2PCdpBvo5mVbd94AaABAg,"The children are now traumatized, and the only cure is popping and locking."
UgwYjqPx7zEydVHPdAp4AaABAg,
UgwlHTKGycW6iZz2_P54AaABAg,anyone else feel like this would be a sick custom beatsaber song?
UgwobfGMNYLkEUAWEZ14AaABAg,That was the best school assembly I've ever had.
UgyYt6lx6y6jve6CtVV4AaABAg,This cover is straight up fire
UgzZQTWSMY94RxBQ2vl4AaABAg,That was amazing â¤ï¸
UgzrvS8Fwv8yrDSh6fx4AaABAg,Bae getting so stRANGE â¤â¤â¤
Ugyl0EiqB3wnvQkDanV4AaABAg,First few seconds into it: BANGER CONFIRMED  Awesome graphics too!
UgyPu6wXT8q6tOl4hZV4AaABAg,O the low voice Bae is so very.
UgwCxoWfi_0LMBnCkZF4AaABAg,tfw the english subtitles arent in english
UgxKyaPpwaMb_SOFiKl4AaABAg,WOW
Ugy_f7wMLXwyrHio-6B4AaABAg,didnâ€™t expect someone to cover this banger!!! ğŸ«¶ğŸ«¶
UgyfmptVktGQBjYdOtN4AaABAg,ğŸ‘
UgxZeMkELXFNT4lgfv14AaABAg,I was here
UgzxIcGdS_BsxJPX9JF4AaABAg,"Soâ€¦finally, a taste of her chaotic evil"
UgxSM13MJbsstcdHkb54AaABAg,Sera un cover entre covers estoy 222% seguro
UgyOwwSJyLTGD1QZCfN4AaABAg,BRO THE ART
Ugw8Ngs7yoyPI87YLQl4AaABAg,Did Mumei draw this? This is something that I imagine comes from her brain.
UgzjbtwvmwzxTKn2fEp4AaABAg,"From baby show and tell stream, to THIS. Truly chaos incarnate."
UgyhhG36orrSbe1PYH54AaABAg,This song goes so hard. Cant wait to see Bae's take on it
UgwmpiQvLSV6NCr1fKV4AaABAg,this is chaos
UgzD-hnGYQQ45wzxiDJ4AaABAg,"This artwork is exactly how I envisioned Bae would be like for her debut.



Though I still platonically love her for how she really is. :)"
UgzD-hnGYQQ45wzxiDJ4AaABAg.9hVoCliRxiW9hX3eJHGjBv,"gonna hope if there ever be lore anime, they will show Bae like this, very much more ""chaos"" vibe. add her sitting cross-legged in the air upside down and voila~"
UgxmOggcO7AMYBv1zbt4AaABAg,Anyone got the link for the pic?
Ugy17c8YVDCtuR9-7yp4AaABAg,"This'll be amazing, looking forward to see how she sings this and just how much chaos this is going to bring me"
Ugz8ND66JhnvHGvbNYh4AaABAg,I love scary Bae! The thought of this Bae still being so easily jump scared by things is really cute. 
UgwS9EWCuZrRifxUgTR4AaABAg,That is a really cool art
UgzVLmthTs3CwS18iLd4AaABAg,That art tho
UgxL2iJdBbBRUH-TJ-l4AaABAg,Ayo this song is such a banger but I truly don't expect someone covers this song. Can't wait to listen to it!
UgwV2SWaQwUvjWl9nXB4AaABAg,"Can we really call her prey when she looks like this much of a beast? You're absolutely rockin' that punk look, Bae!"
UgxlN8qrgAHnvfSosf94AaABAg,Holopro Ghoul
UgyeiJKb9qrZ1Bxxb294AaABAg,Looking at the thumbnail art I think Bae needs a snickers
UgzE0HOB2xTG_aI0zJN4AaABAg,"Based on those eyes, would that make evil Baeâ€™s twin tails her kagune?"
Ugwh57TVa4QQQg3XoNF4AaABAg,yooo letâ€™s goo
UgxFjp_q-iK5rlGgAmR4AaABAg,A shimon song?!?!?!? omg I'm really looking forward to it
Ugwr0P2MbKUHVwAqDW94AaABAg,"Bae unleashing the chaos within her, oh my god lets go? YES, LET'S FREAKING GO!!!!"
Ugy0_DHJthtaqUwiHXV4AaABAg,I can't wait for this song!!!! 
UgzLmCN92_vEHnQxzxt4AaABAg,ãƒ™ãƒ«ãƒ„ã®ç´ æ™´ã‚‰ã—ã„ã‚«ãƒãƒ¼ã€å½¼å¥³ã®å£°ã¯å®Œå…¨ã«ç‹‚ã£ã¦ã„ã‚‹ã ã‚ã†ã€‚
UgyzvhmhSw0fPfVpctt4AaABAg,æ¥½ã—ã¿ã™ãã‚‹
Ugx3iMaxNLDYFgQIOVB4AaABAg,Holy snap
Ugzt_uuadT62Jw2zoYp4AaABAg,"for Beat Saber players, I mapped the original version (ft. flower). Not my proudest map due to it being my first map and i use it for learning to map, but at least it has 0 parity warnings and errors. 
Code is 282ec on beatsaver. 

Edit: Updated to include No Noodle Requirement"
Ugz_wLK8h_AF3qweuKh4AaABAg,This song is gonna be .. CHAOS incarnate. xD
UgybUOEEPoQuzPla6L94AaABAg,Great voice like always. good visuals. the trembling images are a little distracting and the English subtitles are incorrectly setup but will wait for its corrections. otherwise a great cover.
UgxVWAr71CBsGzAgcxp4AaABAg,Blood for Blood God
UgzeyQ9jNUet0V7vskR4AaABAg,"Bae.... Truly, thank you"
UgyHBmQd9stuzmhSb8R4AaABAg,Another song added to my wedding playlist...
UgyHBmQd9stuzmhSb8R4AaABAg.9hTy7miMOpA9hWKq9Ntq5t,Sounds like you're gonna host a very fun if emotionally confusing wedding.
Ugy_aXqSpHo6kofdtpN4AaABAg,"i thnk good drawning like tha style,yea."
Ugxj4boTiItWd6KQu794AaABAg,ã‚¤ã‚±ãƒ¡ãƒ³ãƒ»ãƒ™ãƒ¼ãƒ«ã‚º
Ugx07Odo6-Fv3DI9Uul4AaABAg,OMG A SHIMON SONG?! AND BAE!! im ready to die
Ugxkfyf2WEaQ4fsABNt4AaABAg,I'm scared
Ugx7lbla14BfoGl_N3V4AaABAg,"Something about crazy expressions and jagged teeth just does it for me ğŸ˜³

-Definitely one of the biggest reasons why I love Luiâ€™s original song xD-

HOLY Bae absolutely slayed this cover! Its now my new favorite cover of this song ğŸ”¥"
Ugx7lbla14BfoGl_N3V4AaABAg.9hTsdDR7YXt9hW2NsbsOJh,@Tony Bomboozled new halloween outfit fr fr its not a want but a *need*
Ugx7lbla14BfoGl_N3V4AaABAg.9hTsdDR7YXt9hW1bYRIwG1,I want fanart of Bae in that outfit so badly.
Ugx7lbla14BfoGl_N3V4AaABAg.9hTsdDR7YXt9hV4Gh0XJIJ,Too many of my favorite characters have that and i can't help but like a character design when they have it.
Ugx7lbla14BfoGl_N3V4AaABAg.9hTsdDR7YXt9hUHAewWNy3,Yes!!!
Ugw-f8LP3V0GRvSaAxp4AaABAg,I'm so excited and can't wait until tomorrow
Ugwy0yPezpBGS4UIocx4AaABAg,"We're so spoiled with all the covers you've given us this month! Did not expect you to cover this song at all and your voice is actually perfect for this. Can't wait to see the premiere 

Edit: Coming from the Lil Bae stream to this one makes the contrast in voice even larger Really amazing cover! Vocals were great, loved the rap part, and the chaos of the song is just perfect for you! Very well done!!"
Ugx4t1ZgodlX7ToreNt4AaABAg,ã€MVã€‘STRANGE - Â¿? || HAKOS BAELZ COVER
UgyDb8YK6wehWEL81EF4AaABAg,Just listened to the original and.. Wow! I can't wait to see you sing it
UgyenwKMU8fVqYVf5o94AaABAg,"Excellent job Bae. I like the illustration, it represents the â€œChaosâ€ itself"
UgyhdIhsnYZIUo-D5cN4AaABAg,This cover is STRANGE-ly bangin'! And i/we love it 
Ugxr-ZdCR3xFZFjI9Jd4AaABAg,Bae in her true chaos form
Ugxr-ZdCR3xFZFjI9Jd4AaABAg.9hTq5hLe9Ta9hZwxuVvZHx,@Tony Bomboozled does she know the reason or even what is the season?
Ugxr-ZdCR3xFZFjI9Jd4AaABAg.9hTq5hLe9Ta9hWXMOUHDnd,That's not even 10 percent
Ugxr-ZdCR3xFZFjI9Jd4AaABAg.9hTq5hLe9Ta9hWNkoteS4V,@Tony Bomboozled i think so she didnt say her name
Ugxr-ZdCR3xFZFjI9Jd4AaABAg.9hTq5hLe9Ta9hWMiCpe3ZT,@Kian Owen Garcia Has she even forgotten her name?
Ugxr-ZdCR3xFZFjI9Jd4AaABAg.9hTq5hLe9Ta9hWMZaoHNuH,"@èš©Cene you're telling me she's NOT EVEN *AT 100%???*




Edit: Well that explains the tired voice :D"
Ugxr-ZdCR3xFZFjI9Jd4AaABAg.9hTq5hLe9Ta9hWEZmfVJV2,bae's prime before meeting iryseğŸ‘€
Ugxr-ZdCR3xFZFjI9Jd4AaABAg.9hTq5hLe9Ta9hWD9JH3etY,Her memories are broken and the truth goes unspoken
Ugxr-ZdCR3xFZFjI9Jd4AaABAg.9hTq5hLe9Ta9hW7-dkVMPP,That's just the half of her true form
Ugxr-ZdCR3xFZFjI9Jd4AaABAg.9hTq5hLe9Ta9hW623xcriL,"No, her true form is hamster"
Ugxr-ZdCR3xFZFjI9Jd4AaABAg.9hTq5hLe9Ta9hW5UNyQI2t,We fumbled our dice roll! RUN!!!
Ugxr-ZdCR3xFZFjI9Jd4AaABAg.9hTq5hLe9Ta9hW5Oh8zcOK,True rat form horrorfiring â¤ï¸â€ğŸ”¥â¤ï¸â€ğŸ”¥â¤ï¸â€ğŸ”¥
Ugxr-ZdCR3xFZFjI9Jd4AaABAg.9hTq5hLe9Ta9hW4fR7zYWt,"Baes true chaos form looks dope as hell, absolutely love it"
Ugxr-ZdCR3xFZFjI9Jd4AaABAg.9hTq5hLe9Ta9hW4NlAwGuf,@Zeph Shoir Watch this version of Bae be just as clumsy and easily frightened. 
Ugxr-ZdCR3xFZFjI9Jd4AaABAg.9hTq5hLe9Ta9hW437D_pZD,I knew she had always been holding herself back! CHAOS should reign!
Ugxr-ZdCR3xFZFjI9Jd4AaABAg.9hTq5hLe9Ta9hW4287nxoj,ãƒˆãƒ­3 made Bae's design even edgier and I love it.
Ugxr-ZdCR3xFZFjI9Jd4AaABAg.9hTq5hLe9Ta9hW3pg3K6Iw,Yeeeeeees
Ugxr-ZdCR3xFZFjI9Jd4AaABAg.9hTq5hLe9Ta9hW3f0FBZPN,Agreed
Ugxr-ZdCR3xFZFjI9Jd4AaABAg.9hTq5hLe9Ta9hW2MTKh4Xx,Yeaah
UgwsP7xIMCaPE5v0cLl4AaABAg,"Hmmm that's strange... another banger released!!! 

Can't wait to hear it and really fits the spooky halloween month and dark vibes "
UgztAV-1-uVLR-Q7UaZ4AaABAg,A suitable cover for the Halloween themed week
